"raza","esp","b","se"
0,"(1)",786.895713255386,96.3461938214939
0,"(2)",528.374472918404,89.1311889350383
0,"(3)",779.762552814109,70.7788289225314
0,"(4)",508.263549589155,59.4480533478497
0,"(5)",444.721407960244,55.4845080886744
0,"(6)",344.183356738231,42.4764168988105
1,"(1)",1415.76577192785,97.7023007675113
1,"(2)",1198.156475689,93.9833718023153
1,"(3)",1292.36004319011,63.4963903362322
1,"(4)",1080.69592855329,56.8604251815436
1,"(5)",1027.80965399648,55.3131050034525
1,"(6)",1057.93224335265,43.3201680239917
