"part","term","statistic","(1)","(2)","(3)","(4)","(5)"
"estimates","Constante","estimate","698.93***","686.03***","700.15***","698.00***","700.39***"
"estimates","Constante","std.error","(10.36)","(8.73)","(5.57)","(6.92)","(5.54)"
"estimates","Estudiantes/profesor","estimate","-2.28***","-1.10*","-1.00***","-1.31***","-1.01***"
"estimates","Estudiantes/profesor","std.error","(0.52)","(0.43)","(0.27)","(0.34)","(0.27)"
"estimates","\% aprendices de inglés","estimate","","-0.65***","-0.12***","-0.49***","-0.13***"
"estimates","\% aprendices de inglés","std.error","","(0.03)","(0.03)","(0.03)","(0.04)"
"estimates","\% con subsidio de almuerzo","estimate","","","-0.55***","","-0.53***"
"estimates","\% con subsidio de almuerzo","std.error","","","(0.02)","","(0.04)"
"estimates","\% con asistencia pública","estimate","","","","-0.79***","-0.05"
"estimates","\% con asistencia pública","std.error","","","","(0.07)","(0.06)"
"gof","N","","420","420","420","420","420"
"gof","$R^2$","","0.05","0.43","0.77","0.63","0.77"
