"part","term","statistic","(1)","(2)","(3)"
"estimates","Constante","estimate","1.4848","1.5548","1.2207"
"estimates","Constante","std.error","(0.0113)","(0.0111)","(0.0132)"
"estimates","Años de educación","estimate","0.0940","0.0963","0.0941"
"estimates","Años de educación","std.error","(0.0008)","(0.0008)","(0.0008)"
"estimates","Mujer","estimate","","-0.2304","-0.2339"
"estimates","Mujer","std.error","","(0.0040)","(0.0039)"
"estimates","Edad","estimate","","","0.0089"
"estimates","Edad","std.error","","","(0.0002)"
"gof","N","","61395","61395","61395"
"gof","R2","","0.174","0.217","0.245"
